Workbook

Sheet Лист3
A1: Топ-3 территорий по доле в общем товарообороте | J1: Топ-3 территорий по товарообороту на склад за последнюю неделю
A3: Сумма по полю Товарооборот, руб | B3: Неделя | J3: Неделя | K3: 23
A4: Территория | B4: 18 | C4: 19 | D4: 20 | E4: 21 | F4: 22 | G4: 23 | H4: Общий итог
A5: Санкт-Петербург Север | B5: 233059077 | C5: 2.727625e+08 | D5: 269949999 | E5: 2.7553943e+08 | F5: 2.9215505e+08 | G5: 37257840 | H5: 1.3807239e+09 | J5: Территория | K5: Сумма по полю Товарооборот на склад
A6: Санкт-Петербург Юг | B6: 176269533 | C6: 2.0812839e+08 | D6: 1.9956962e+08 | E6: 2.0460881e+08 | F6: 2.1926593e+08 | G6: 27770092 | H6: 1.0356124e+09 | J6: Москва Восток | K6: 350262.86
A7: Москва Запад | B7: 136791225 | C7: 159695760 | D7: 142825023 | E7: 1.5751236e+08 | F7: 1.5785721e+08 | G7: 19465372 | H7: 7.7414695e+08 | J7: Москва Запад | K7: 329921.57
A8: Общий итог | B8: 546119835 | C8: 6.4058666e+08 | D8: 6.1234465e+08 | E8: 6.376606e+08 | F8: 6.6927819e+08 | G8: 84493305 | H8: 3.1904832e+09 | J8: Санкт-Петербург Север | K8: 302909.27
J9: Общий итог | K9: 983093.7
A12: Названия строк | B12: Сумма по полю Товарооборот, руб | C12: Сумма по полю Товарооборот на склад
A13: 18 | B13: 836803032 | C13: 15050190
A14: 19 | B14: 9.8391541e+08 | C14: 17810867
A15: 20 | B15: 9.4726301e+08 | C15: 17504431
A16: 21 | B16: 1.0026919e+09 | C16: 18752595
A17: 22 | B17: 1.0556535e+09 | C17: 20458987
A18: 23 | B18: 1.3603238e+08 | C18: 2786041.4
A19: Общий итог | B19: 4.9623592e+09 | C19: 92363111

Sheet Лист1
A1: Дата | B1: Территория | C1: Товарооборот, шт | D1: Товарооборот, руб | E1: Количество складов | F1: Количество заказов | G1: Количество клиентов | H1: Товарооборот на склад | I1: Неделя
A2: 43982 | B2: Самара | C2: 7944 | D2: 623971.5 | E2: {=_xlfn.XLOOKUP($A2&$B2,Лист2!$A:$A & Лист2!$B:$B,Лист2!C:C)} -> 15 | F2: {=_xlfn.XLOOKUP($A2&$B2,Лист2!$A:$A & Лист2!$B:$B,Лист2!D:D)} -> 441 | G2: {=_xlfn.XLOOKUP($A2&$B2,Лист2!$A:$A & Лист2!$B:$B,Лист2!E:E)} -> 368 | H2: =ROUND(D2/E2,2) -> 41598.1 | I2: =WEEKNUM(A2,2) -> 22
A3: 43981 | B3: Самара | C3: 10029 | D3: 787101 | E3: {=_xlfn.XLOOKUP($A3&$B3,Лист2!$A:$A & Лист2!$B:$B,Лист2!C:C)} -> 15 | F3: {=_xlfn.XLOOKUP($A3&$B3,Лист2!$A:$A & Лист2!$B:$B,Лист2!D:D)} -> 490 | G3: {=_xlfn.XLOOKUP($A3&$B3,Лист2!$A:$A & Лист2!$B:$B,Лист2!E:E)} -> 409 | H3: =ROUND(D3/E3,2) -> 52473.4 | I3: =WEEKNUM(A3,2) -> 22
A4: 43979 | B4: Самара | C4: 8536.5 | D4: 643944 | E4: {=_xlfn.XLOOKUP($A4&$B4,Лист2!$A:$A & Лист2!$B:$B,Лист2!C:C)} -> 15 | F4: {=_xlfn.XLOOKUP($A4&$B4,Лист2!$A:$A & Лист2!$B:$B,Лист2!D:D)} -> 464 | G4: {=_xlfn.XLOOKUP($A4&$B4,Лист2!$A:$A & Лист2!$B:$B,Лист2!E:E)} -> 390 | H4: =ROUND(D4/E4,2) -> 42929.6 | I4: =WEEKNUM(A4,2) -> 22
A5: 43967 | B5: Кемерово | C5: 38947.5 | D5: 3395892 | E5: {=_xlfn.XLOOKUP($A5&$B5,Лист2!$A:$A & Лист2!$B:$B,Лист2!C:C)} -> 21 | F5: {=_xlfn.XLOOKUP($A5&$B5,Лист2!$A:$A & Лист2!$B:$B,Лист2!D:D)} -> 2145 | G5: {=_xlfn.XLOOKUP($A5&$B5,Лист2!$A:$A & Лист2!$B:$B,Лист2!E:E)} -> 1947 | H5: =ROUND(D5/E5,2) -> 161709.14 | I5: =WEEKNUM(A5,2) -> 20
A6: 43970 | B6: Кемерово | C6: 31842 | D6: 2771116.5 | E6: {=_xlfn.XLOOKUP($A6&$B6,Лист2!$A:$A & Лист2!$B:$B,Лист2!C:C)} -> 21 | F6: {=_xlfn.XLOOKUP($A6&$B6,Лист2!$A:$A & Лист2!$B:$B,Лист2!D:D)} -> 1860 | G6: {=_xlfn.XLOOKUP($A6&$B6,Лист2!$A:$A & Лист2!$B:$B,Лист2!E:E)} -> 1704 | H6: =ROUND(D6/E6,2) -> 131957.93 | I6: =WEEKNUM(A6,2) -> 21
A7: 43968 | B7: Кемерово | C7: 32023.5 | D7: 2882458.5 | E7: {=_xlfn.XLOOKUP($A7&$B7,Лист2!$A:$A & Лист2!$B:$B,Лист2!C:C)} -> 21 | F7: {=_xlfn.XLOOKUP($A7&$B7,Лист2!$A:$A & Лист2!$B:$B,Лист2!D:D)} -> 1874 | G7: {=_xlfn.XLOOKUP($A7&$B7,Лист2!$A:$A & Лист2!$B:$B,Лист2!E:E)} -> 1705 | H7: =ROUND(D7/E7,2) -> 137259.93 | I7: =WEEKNUM(A7,2) -> 20
A8: 43960 | B8: Кемерово | C8: 31147.5 | D8: 2831019 | E8: {=_xlfn.XLOOKUP($A8&$B8,Лист2!$A:$A & Лист2!$B:$B,Лист2!C:C)} -> 21 | F8: {=_xlfn.XLOOKUP($A8&$B8,Лист2!$A:$A & Лист2!$B:$B,Лист2!D:D)} -> 1735 | G8: {=_xlfn.XLOOKUP($A8&$B8,Лист2!$A:$A & Лист2!$B:$B,Лист2!E:E)} -> 1568 | H8: =ROUND(D8/E8,2) -> 134810.43 | I8: =WEEKNUM(A8,2) -> 19
A9: 43955 | B9: Кемерово | C9: 25566 | D9: 2372310 | E9: {=_xlfn.XLOOKUP($A9&$B9,Лист2!$A:$A & Лист2!$B:$B,Лист2!C:C)} -> 20 | F9: {=_xlfn.XLOOKUP($A9&$B9,Лист2!$A:$A & Лист2!$B:$B,Лист2!D:D)} -> 1519 | G9: {=_xlfn.XLOOKUP($A9&$B9,Лист2!$A:$A & Лист2!$B:$B,Лист2!E:E)} -> 1372 | H9: =ROUND(D9/E9,2) -> 118615.5 | I9: =WEEKNUM(A9,2) -> 19
A10: 43950 | B10: Кемерово | C10: 29319 | D10: 2623480.5 | E10: {=_xlfn.XLOOKUP($A10&$B10,Лист2!$A:$A & Лист2!$B:$B,Лист2!C:C)} -> 18 | F10: {=_xlfn.XLOOKUP($A10&$B10,Лист2!$A:$A & Лист2!$B:$B,Лист2!D:D)} -> 1684 | G10: {=_xlfn.XLOOKUP($A10&$B10,Лист2!$A:$A & Лист2!$B:$B,Лист2!E:E)} -> 1528 | H10: =ROUND(D10/E10,2) -> 145748.92 | I10: =WEEKNUM(A10,2) -> 18
A11: 43953 | B11: Кемерово | C11: 29031 | D11: 2711247 | E11: {=_xlfn.XLOOKUP($A11&$B11,Лист2!$A:$A & Лист2!$B:$B,Лист2!C:C)} -> 18 | F11: {=_xlfn.XLOOKUP($A11&$B11,Лист2!$A:$A & Лист2!$B:$B,Лист2!D:D)} -> 1708 | G11: {=_xlfn.XLOOKUP($A11&$B11,Лист2!$A:$A & Лист2!$B:$B,Лист2!E:E)} -> 1534 | H11: =ROUND(D11/E11,2) -> 150624.83 | I11: =WEEKNUM(A11,2) -> 18
A12: 43977 | B12: Кемерово | C12: 33423 | D12: 2970330 | E12: {=_xlfn.XLOOKUP($A12&$B12,Лист2!$A:$A & Лист2!$B:$B,Лист2!C:C)} -> 20 | F12: {=_xlfn.XLOOKUP($A12&$B12,Лист2!$A:$A & Лист2!$B:$B,Лист2!D:D)} -> 2044 | G12: {=_xlfn.XLOOKUP($A12&$B12,Лист2!$A:$A & Лист2!$B:$B,Лист2!E:E)} -> 1863 | H12: =ROUND(D12/E12,2) -> 148516.5 | I12: =WEEKNUM(A12,2) -> 22
A13: 43952 | B13: Кемерово | C13: 32487 | D13: 3031254 | E13: {=_xlfn.XLOOKUP($A13&$B13,Лист2!$A:$A & Лист2!$B:$B,Лист2!C:C)} -> 18 | F13: {=_xlfn.XLOOKUP($A13&$B13,Лист2!$A:$A & Лист2!$B:$B,Лист2!D:D)} -> 1826 | G13: {=_xlfn.XLOOKUP($A13&$B13,Лист2!$A:$A & Лист2!$B:$B,Лист2!E:E)} -> 1633 | H13: =ROUND(D13/E13,2) -> 168403 | I13: =WEEKNUM(A13,2) -> 18
... A505: 43983 | B505: Новосибирск | C505: 14238 | D505: 1293219 | E505: {=_xlfn.XLOOKUP($A505&$B505,Лист2!$A:$A & Лист2!$B:$B,Лист2!C:C)} -> 18 | F505: {=_xlfn.XLOOKUP($A505&$B505,Лист2!$A:$A & Лист2!$B:$B,Лист2!D:D)} -> 923 | G505: {=_xlfn.XLOOKUP($A505&$B505,Лист2!$A:$A & Лист2!$B:$B,Лист2!E:E)} -> 824 | H505: =ROUND(D505/E505,2) -> 71845.5 | I505: =WEEKNUM(A505,2) -> 23

Sheet Лист2
A1: Дата | B1: Территория | C1: Количество складов | D1: Количество заказов | E1: Количество клиентов
A2: 43949 | B2: Волгоград | C2: 36 | D2: 4923 | E2: 4560
A3: 43949 | B3: Екатеринбург | C3: 31 | D3: 5465 | E3: 5096
A4: 43949 | B4: Казань | C4: 19 | D4: 1846 | E4: 1681
A5: 43949 | B5: Кемерово | C5: 18 | D5: 1539 | E5: 1404
A6: 43949 | B6: Краснодар | C6: 18 | D6: 1505 | E6: 1368
A7: 43949 | B7: Москва Восток | C7: 54 | D7: 12306 | E7: 11532
A8: 43949 | B8: Москва Запад | C8: 59 | D8: 12943 | E8: 12072
A9: 43949 | B9: Нижний Новгород | C9: 17 | D9: 1439 | E9: 1265
A10: 43949 | B10: Новосибирск | C10: 15 | D10: 636 | E10: 547
A11: 43949 | B11: Пермь | C11: 15 | D11: 780 | E11: 690
A12: 43949 | B12: Санкт-Петербург Север | C12: 125 | D12: 20914 | E12: 19479
A13: 43949 | B13: Санкт-Петербург Юг | C13: 128 | D13: 16450 | E13: 15320
... A505: 43983 | B505: Уфа | C505: 6 | D505: 237 | E505: 175
